idx,claim_id,pmcid,raw_text,statistic,df,reported_p,p_comparison,recomputed_p,coder1_category,coder2_category,notes
0,F0000,PMC8096927,"F (1,38) = 1.11, p = 0.29",1.11,"[1, 38]",0.29,equals,0.2987,,,
1,F0001,PMC7383972,"F (4, 56) = 3.750, p = .037",3.75,"[4, 56]",0.037,equals,0.008992,,,
2,F0002,PMC10667913,"t (105) = 2.26, p = 0.029",2.26,[105],0.029,equals,0.02589,,,
3,F0003,PMC8446200,"F ( 5 .426 , 206 .172 ) = 3.195, p = 0.007",3.195,"[5, 426, 206, 172]",0.007,equals,0.007634,,,
4,F0004,PMC11482524,"z = 1.8128, p = 0.035",1.8128,,0.035,equals,0.06986,,,
5,F0005,PMC7216261,"F (2,100) = 0.88, p = 0.352",0.88,"[2, 100]",0.352,equals,0.418,,,
6,F0006,PMC10557698,z = 2.776; p = 0.034,2.776,,0.034,equals,0.005503,,,
7,F0007,PMC10988490,"r = 0.39, P = 0.301",0.39,,0.301,equals,0.2652,,,
8,F0008,PMC7216261,"F (1,50) = 7.31, p = 0.010",7.31,"[1, 50]",0.01,equals,0.009346,,,
9,F0009,PMC12548980,"r = 0.18, P < 0.001",0.18,,0.001,less_than,0.6697,,,
10,F0010,PMC8868051,"z = 1.71, p = 0.04",1.71,,0.04,equals,0.08727,,,
11,F0011,PMC11360476,"F(5, 80) = 6.428, p = 0.0048",6.428,"[5, 80]",0.0048,equals,4.544e-05,,,
12,F0012,PMC6346416,"Z = 1.91, p = 0.05",1.91,,0.05,equals,0.05613,,,
13,F0013,PMC7216261,"F (2,98) = 0.35, p = 0.558",0.35,"[2, 98]",0.558,equals,0.7056,,,
14,F0014,PMC6167552,"F (1,74) = 14.18, p = 0.001",14.18,"[1, 74]",0.001,equals,0.0003308,,,
15,F0015,PMC5887007,"F (1,16) = 3.78, p < 0.05",3.78,"[1, 16]",0.05,less_than,0.06967,,,
16,F0016,PMC6083218,"F (2,30) = 4.61, p = 0.032",4.61,"[2, 30]",0.032,equals,0.01796,,,
17,F0017,PMC9339704,"F (2, 30) = 6.71, P = 0.002",6.71,"[2, 30]",0.002,equals,0.003904,,,
18,F0018,PMC6160641,"F (6,84) = 3.3, p = 0.001",3.3,"[6, 84]",0.001,equals,0.005772,,,
19,F0019,PMC8873205,"F (4, 54) = 0.032, p = 0.9",0.032,"[4, 54]",0.9,equals,0.998,,,
20,F0020,PMC6107714,"t (79) = 10.12, p = 0.001",10.12,[79],0.001,equals,6.465e-16,,,
21,F0021,PMC9868299,"F (1, 56) = 32.93, p = 0.001",32.93,"[1, 56]",0.001,equals,4.033e-07,,,
22,F0022,PMC10557698,z = 2.96; p = 0.017,2.96,,0.017,equals,0.003076,,,
23,F0023,PMC8269663,"t(25) = 3.6, p = .0010",3.6,[25],0.001,equals,0.001373,,,
24,F0024,PMC11779511,"t (7) = 3.672, p = 0.032",3.672,[7],0.032,equals,0.007943,,,
25,F0025,PMC7970742,"F (2,56) = 3.819, P = 0.061",3.819,"[2, 56]",0.061,equals,0.02787,,,
26,F0026,PMC9846226,"t (19) = 2.040, p = 0.027",2.04,[19],0.027,equals,0.0555,,,
27,F0027,PMC9061856,"r = 0.53, p = 0.040",0.53,,0.04,equals,0.006429,,,
28,F0028,PMC8414832,"F (2,4) = 2.30, P = .253",2.3,"[2, 4]",0.253,equals,0.2163,,,
29,F0029,PMC9353437,"F (1, 106) = 1.748, p = .185",1.748,"[1, 106]",0.185,equals,0.189,,,
30,F0030,PMC5761830,"Z = 2.6, P = 0.004",2.6,,0.004,equals,0.009322,,,
31,F0031,PMC6709230,"t (23) = 0.964, p = 0.346",0.964,[23],0.346,equals,0.3451,,,
32,F0032,PMC8489157,"z = 3.338, P = 0.014",3.338,,0.014,equals,0.0008438,,,
33,F0033,PMC9846226,"F (1, 60) = 6.995, p = 0.011",6.995,"[1, 60]",0.011,equals,0.01042,,,
34,F0034,PMC9396849,"t(28) = 4.29, p = 0.002",4.29,[28],0.002,equals,0.0001922,,,
35,F0035,PMC7216261,"F (2,100) = 0.01, p = 0.944",0.01,"[2, 100]",0.944,equals,0.9901,,,
36,F0036,PMC6220762,"ρ = 0.700, P = .004",0.7,,0.004,equals,4.98e-07,,,
37,F0037,PMC8058340,"F (4,56) = 2.75, p = 0.03",2.75,"[4, 56]",0.03,equals,0.03691,,,
38,F0038,PMC6107706,"F (1,20) = 0.17; p = 0.19",0.17,"[1, 20]",0.19,equals,0.6845,,,
39,F0039,PMC7216261,"F (2,104) = 1.87, p = 0.178",1.87,"[2, 104]",0.178,equals,0.1593,,,
40,F0040,PMC8379065,"F (5, 485) = 16.73, p = .001",16.73,"[5, 485]",0.001,equals,2.925e-15,,,
41,F0041,PMC10557698,z = 3.153; p = 0.0153,3.153,,0.0153,equals,0.001616,,,
42,F0042,PMC12327882,"F (9, 926) =12.35; p=0.000004",12.35,"[9, 926]",4e-06,equals,1.289e-18,,,
43,F0043,PMC11561248,"r = 0.6930, p < 0.01",0.693,,0.01,less_than,0.01807,,,
44,F0044,PMC6067695,"F (2, 770) = 1.72, p = .17",1.72,"[2, 770]",0.17,equals,0.1798,,,
45,F0045,PMC11779511,"t (8) = 0.090, p = 0.179",0.09,[8],0.179,equals,0.9305,,,
46,F0046,PMC6096657,"F (2, 943) = 4.24, p = .02",4.24,"[2, 943]",0.02,equals,0.01468,,,
47,F0047,PMC7970742,"F (2,56) = 4.038, P = 0.034",4.038,"[2, 56]",0.034,equals,0.023,,,
48,F0048,PMC8058340,"t (14) = 2.75, p < 0.01",2.75,[14],0.01,less_than,0.01564,,,
49,F0049,PMC6951062,"F(1,24)=6.517, P =0.031",6.517,"[1, 24]",0.031,equals,0.01746,,,
50,F0050,PMC6018610,"t(16) = 2.20, p = 0.43",2.2,[16],0.43,equals,0.04285,,,
51,F0051,PMC9061856,"r = 0.40, p = 0.0226",0.4,,0.0226,equals,0.04757,,,
52,F0052,PMC9773662,"t (35) = 2.3, p = 0.024",2.3,[35],0.024,equals,0.02753,,,
53,F0053,PMC9963851,"F (1, 2) = 41.329, p < 0.001",41.329,"[1, 2]",0.001,less_than,0.02335,,,
54,F0054,PMC10988490,"r = 0.65, P = 0.005",0.65,,0.005,equals,0.05807,,,
55,F0055,PMC5958155,"F (1,2) = 0.89, P = 0.24",0.89,"[1, 2]",0.24,equals,0.4451,,,
56,F0056,PMC8058340,"t (7) = 2.75, p = 0.02",2.75,[7],0.02,equals,0.0285,,,
57,F0057,PMC12116715,ρ = 0.27; p = 0.087,0.27,,0.087,equals,0.06062,,,
58,F0058,PMC11888203,"F (1,26) = 5.779; p =
0.0150",5.779,"[1, 26]",0.015,equals,0.02364,,,
59,F0059,PMC8831019,"z = 3.092, p = .003",3.092,,0.003,equals,0.001988,,,
60,F0060,PMC7990292,"t (26) = 1.873, p = 0.036",1.873,[26],0.036,equals,0.07235,,,
61,F0061,PMC11422287,"χ2 (9, N = 214) = 2.814, p = 0.079",2.814,[9],0.079,equals,0.9712,,,
62,F0062,PMC6098926,"F (1, 18) = 9.62, p < 0.001",9.62,"[1, 18]",0.001,less_than,0.006158,,,
63,F0063,PMC7725819,"F(1, 50) = 0.48, p = 0.8281",0.48,"[1, 50]",0.8281,equals,0.4916,,,
64,F0064,PMC7216261,"F (2,98) = 1.36, p = 0.249",1.36,"[2, 98]",0.249,equals,0.2615,,,
65,F0065,PMC7383972,"F (4, 56) = 2.571, p = .094",2.571,"[4, 56]",0.094,equals,0.04761,,,
66,F0066,PMC9868299,"F (1, 56) = 44.01, p = 0.001",44.01,"[1, 56]",0.001,equals,1.39e-08,,,
67,F0067,PMC5928138,"F (1,20) = 4.751, p = 0.045",4.751,"[1, 20]",0.045,equals,0.04141,,,
68,F0068,PMC6171331,"F(2,112) = 0.264, P = 0.76",0.264,"[2, 112]",0.76,equals,0.7685,,,
69,F0069,PMC8658324,"t (25) = 2.13, p = 0.07",2.13,[25],0.07,equals,0.0432,,,
70,F0070,PMC8096927,"t (38) = 2.65, p = 0.011",2.65,[38],0.011,equals,0.01167,,,
71,F0071,PMC10667913,"F (4, 420) = 2.07, p = 0.09",2.07,"[4, 420]",0.09,equals,0.08388,,,
72,F0072,PMC10667913,"t (68) = 3.14, p = 0.001",3.14,[68],0.001,equals,0.0025,,,
73,F0073,PMC11779511,"t (6) = 2.4476, p = 0.23",2.4476,[6],0.23,equals,0.04995,,,
74,F0074,PMC7970742,"F (4,132) = 0.331, P = 0.786",0.331,"[4, 132]",0.786,equals,0.8567,,,
75,F0075,PMC10995141,"ρ = 0.048, p = 0.362",0.048,,0.362,equals,0.4228,,,
76,F0076,PMC6153141,T(18) = 2.52; p = 0.043,2.52,[18],0.043,equals,0.0214,,,
77,F0077,PMC6639166,"F(2, 72) = 2.746, P = 0.0409",2.746,"[2, 72]",0.0409,equals,0.07091,,,
78,F0078,PMC9881123,"t (73) = -0.94, p = .175",-0.94,[73],0.175,equals,0.3503,,,
79,F0079,PMC6028861,"Z = 2.17, p = 0.028",2.17,,0.028,equals,0.03001,,,
80,F0080,PMC10383994,"r = 0.378, p = 0.014",0.378,,0.014,equals,0.009596,,,
81,F0081,PMC9868299,"F ( 7 , 37 ) = 9.59, p = 0.001",9.59,"[7, 37]",0.001,equals,9.653e-07,,,
82,F0082,PMC8314220,"Z = 0.1481, p < 0.001",0.1481,,0.001,less_than,0.8823,,,
83,F0083,PMC6001905,"F (1,5) = 7.18, P = 0.043",7.18,"[1, 5]",0.043,equals,0.04384,,,
84,F0084,PMC7970742,"t (30) = 3.051, P = 0.004",3.051,[30],0.004,equals,0.004739,,,
85,F0085,PMC12327882,"F (13, 1326) =88.1; p=0.00001",88.1,"[13, 1326]",1e-05,equals,9.434e-169,,,
86,F0086,PMC12327882,"F (7, 101) =7; p=0.004",7.0,"[7, 101]",0.004,equals,8.476e-07,,,
87,F0087,PMC8096927,"t (39) = 5.36, p = 0.026",5.36,[39],0.026,equals,4e-06,,,
88,F0088,PMC6951062,"F(1,24)=8.217, P =0.022",8.217,"[1, 24]",0.022,equals,0.008502,,,
89,F0089,PMC6018610,"t(16) = 2.20, p = 0.43",2.2,[16],0.43,equals,0.04285,,,
90,F0090,PMC6098926,"F (1, 18) = 5.50, p < 0.001",5.5,"[1, 18]",0.001,less_than,0.03068,,,
91,F0091,PMC7289773,"r = .084, p = .021",0.084,,0.021,equals,0.1736,,,
92,F0092,PMC9007165,"t (168) = 1.66, p = 0.07",1.66,[168],0.07,equals,0.09878,,,
93,F0093,PMC9868299,"F (1, 56) = 19.45, p = 0.001",19.45,"[1, 56]",0.001,equals,4.739e-05,,,
94,F0094,PMC12517345,"z =0.478, P =0.3162",0.478,,0.3162,equals,0.6327,,,
95,F0095,PMC7113632,"F (3, 17) = 0.053, p= 0.03",0.053,"[3, 17]",0.03,equals,0.9834,,,
96,F0096,PMC6107706,"F (9,60) = 0.61; p = 0.73",0.61,"[9, 60]",0.73,equals,0.7837,,,
97,F0097,PMC7825015,"t (df92) = 1.13, P = .25",1.13,[92],0.25,equals,0.2614,,,
98,F0098,PMC5910452,"F (1, 61) = 10.90, p = 0.001",10.9,"[1, 61]",0.001,equals,0.00161,,,
99,F0099,PMC6107706,"F (9,72) = 1.56; p = 0.18",1.56,"[9, 72]",0.18,equals,0.144,,,
100,F0100,PMC7216261,"F (1,50) = 1.02, p = 0.306",1.02,"[1, 50]",0.306,equals,0.3174,,,
101,F0101,PMC9881123,"t (73) = -1.99, p = .025",-1.99,[73],0.025,equals,0.05034,,,
102,F0102,PMC8868051,"z = 1.71, p = 0.04",1.71,,0.04,equals,0.08727,,,
103,F0103,PMC9846226,"F (1, 61) = 4.908, p = 0.011",4.908,"[1, 61]",0.011,equals,0.03048,,,
104,F0104,PMC9882553,"z = 0.41, p = 0.05",0.41,,0.05,equals,0.6818,,,
105,F0105,PMC6018610,"F(1,11) = 0.039, P = 0.448",0.039,"[1, 11]",0.448,equals,0.8471,,,
106,F0106,PMC7990292,"t (26) = 2.87, p = 0.013",2.87,[26],0.013,equals,0.00805,,,
107,F0107,PMC8691205,"t (128) = 1.75, p = .041",1.75,[128],0.041,equals,0.08251,,,
108,F0108,PMC8872363,"chi-square(12) = 25.52, p = 0.006",25.52,[12],0.006,equals,0.01254,,,
109,F0109,PMC7825015,"F (2, 67) = 2.1, P = .11",2.1,"[2, 67]",0.11,equals,0.1304,,,
110,F0110,PMC8964379,"F (3,321)= 0.49, p = .68",0.49,"[3, 321]",0.68,equals,0.6895,,,
111,F0111,PMC9868299,"F (1, 56) = 16.54, p = 0.001",16.54,"[1, 56]",0.001,equals,0.0001505,,,
112,F0112,PMC6307702,"F (1,6) = 6.69, MSE = 1.49, p < .001",6.69,"[1, 6]",0.001,less_than,0.04141,,,
113,F0113,PMC9963851,"F (1, 2) = 75.593, p < 0.001",75.593,"[1, 2]",0.001,less_than,0.01297,,,
114,F0114,PMC6171331,"F(1,78) = 85.391, P = 0.01",85.391,"[1, 78]",0.01,equals,3.684e-14,,,
115,F0115,PMC7970742,"F (2,56) = 0.395, P = 0.678",0.395,"[2, 56]",0.678,equals,0.6755,,,
116,F0116,PMC8489157,"z = 3.357, P = 0.016",3.357,,0.016,equals,0.0007879,,,
117,F0117,PMC9963851,"F (1,2) = 44.529, p < 0.001",44.529,"[1, 2]",0.001,less_than,0.02173,,,
118,F0118,PMC7383972,"F (4, 56) = 4.188, p = .024",4.188,"[4, 56]",0.024,equals,0.004893,,,
119,F0119,PMC8449098,"r = .54, p < .001",0.54,,0.001,less_than,0.01398,,,
120,F0120,PMC7216261,"F (2,104) = 0.01, p = 0.914",0.01,"[2, 104]",0.914,equals,0.9901,,,
121,F0121,PMC9123842,"F (2,18) = 6.11; P = 0.010",6.11,"[2, 18]",0.01,equals,0.009436,,,
122,F0122,PMC11706165,"t (128) = 0.45, p = .33",0.45,[128],0.33,equals,0.6535,,,
123,F0123,PMC8492057,"t (31.70) = 2.73, p = 0.030",2.73,[31.7],0.03,equals,0.01025,,,
124,F0124,PMC9846226,"F (2, 59) = 6.243, p = 0.004",6.243,"[2, 59]",0.004,equals,0.003472,,,
125,F0125,PMC6861932,"z = 0.05 mm, v c = 200 m/min, a p = 0.2",0.05,,0.2,equals,0.9601,,,
126,F0126,PMC7216261,"F (2,98) = 1.22, p = 0.275",1.22,"[2, 98]",0.275,equals,0.2997,,,
127,F0127,PMC12488396,"t (30) = 0.749, p = 0.473",0.749,[30],0.473,equals,0.4597,,,
128,F0128,PMC8691205,"t (70) = 1.53, p = .065",1.53,[70],0.065,equals,0.1305,,,
129,F0129,PMC6346416,"t (40) = 1.25, p = 0.27",1.25,[40],0.27,equals,0.2186,,,
130,F0130,PMC7679251,"F (1,17) = 2.65, p = 0.028",2.65,"[1, 17]",0.028,equals,0.1219,,,
131,F0131,PMC6346416,"Z = 1.91, p = 0.05",1.91,,0.05,equals,0.05613,,,
132,F0132,PMC11458066,"F (3,48) = 2.68, p = 0.0057",2.68,"[3, 48]",0.0057,equals,0.05732,,,
133,F0133,PMC10557698,z = 2.905; p = 0.0062,2.905,,0.0062,equals,0.003673,,,
134,F0134,PMC8470488,"t (26) = 2.24, p = 0.02",2.24,[26],0.02,equals,0.03386,,,
135,F0135,PMC6356900,"F (36,124) = 1.71, p = 0.022",1.71,"[36, 124]",0.022,equals,0.01623,,,
136,F0136,PMC9868299,"F ( 3 , 37 ) = 2.67, p = 0.057",2.67,"[3, 37]",0.057,equals,0.06165,,,
137,F0137,PMC7113632,"F (3, 17) = 0.042, p = 0.05",0.042,"[3, 17]",0.05,equals,0.9881,,,
138,F0138,PMC6139018,"F (2, 175) = 1.91, p = .169",1.91,"[2, 175]",0.169,equals,0.1512,,,
139,F0139,PMC7554976,"F (10, 285) = 1.0, p = 0.3",1.0,"[10, 285]",0.3,equals,0.4435,,,
140,F0140,PMC7216261,"F (2,100) = 0.31, p = 0.580",0.31,"[2, 100]",0.58,equals,0.7341,,,
141,F0141,PMC7216261,"F (1,48) = 7.44, p = 0.010",7.44,"[1, 48]",0.01,equals,0.008884,,,
142,F0142,PMC8465154,"F (3.55,229.31) = 0.803, p = 0.520",0.803,"[3.55, 229.31]",0.52,equals,0.5115,,,
143,F0143,PMC7692862,"F (2, 30) = 1.59, p = 0.235",1.59,"[2, 30]",0.235,equals,0.2206,,,
144,F0144,PMC8489157,"z = 3.121, P = 0.062",3.121,,0.062,equals,0.001802,,,
145,F0145,PMC11923047,"r (209) = 0.09, p = 0.070",0.09,[209],0.07,equals,0.1928,,,
146,F0146,PMC8465154,"F (4.52,291.76) = 1.510, p = 0.175",1.51,"[4.52, 291.76]",0.175,equals,0.1926,,,
147,F0147,PMC7383972,"F (2, 28) = 1.818, p = .193",1.818,"[2, 28]",0.193,equals,0.181,,,
148,F0148,PMC9905004,"t (284) = 0.7, p = .100",0.7,[284],0.1,equals,0.4845,,,
149,F0149,PMC6951062,"F(1,24)=18.55, P =0.026",18.55,"[1, 24]",0.026,equals,0.000242,,,
